<?xml version="1.0" encoding="utf-8" ?>
<dwsync>
<file name="Rectangle_1.png" server="www.stestaz.com//var/www/raspein/" local="131159440215881616" remote="131159436850000000" Dst="2" />
<file name="control_icon.png" server="www.stestaz.com//var/www/raspein/" local="131159443329579561" remote="131159447320000000" Dst="2" />
<file name="logo_alma_mater.png" server="www.stestaz.com//var/www/raspein/" local="131159483177084790" remote="131159480270000000" Dst="2" />
<file name="social_icons.png" server="www.stestaz.com//var/www/raspein/" local="131159818109576639" remote="131159814660000000" Dst="2" />
<file name="glyphicons-keys.png" server="www.stestaz.com//var/www/raspein/" local="130922270180000000" remote="131159963530000000" Dst="2" />
<file name="glyphicon-key.png" server="www.stestaz.com//var/www/raspein/" local="131159975989777879" remote="131159972900000000" Dst="2" />
<file name="headerAdmin.png" server="www.stestaz.com//var/www/raspein/" local="131160837106508687" remote="131160833640000000" Dst="2" />
<file name="device.png" server="www.stestaz.com//var/www/raspein/" local="131160957575515892" remote="131160956790000000" Dst="2" />
<file name="greenIcon.png" server="www.stestaz.com//var/www/raspein/" local="131161582591270037" remote="131161588690000000" Dst="2" />
<file name="redIcon.png" server="www.stestaz.com//var/www/raspein/" local="131161581908461516" remote="131161588700000000" Dst="2" />
<file name="yellowIcon.png" server="www.stestaz.com//var/www/raspein/" local="131161582343177820" remote="131161588700000000" Dst="2" />
<file name="CPUIcon.png" server="www.stestaz.com//var/www/raspein/" local="131163441114402875" remote="131163439060000000" Dst="2" />
<file name="DISKIcon.png" server="www.stestaz.com//var/www/raspein/" local="131163441967037076" remote="131163439070000000" Dst="2" />
<file name="MEMIcon.png" server="www.stestaz.com//var/www/raspein/" local="131163441828745968" remote="131163439070000000" Dst="2" />
<file name="TEMPIcon.png" server="www.stestaz.com//var/www/raspein/" local="131163442119923097" remote="131163439070000000" Dst="2" />
<file name="background.png" server="www.stestaz.com//var/www/raspein/" local="131163549269878268" remote="131163546700000000" Dst="2" />
<file name="blueIcon.png" server="www.stestaz.com//var/www/raspein/" local="131161588657745563" remote="131163735900000000" Dst="2" />
<file name="littleCPUIcon.png" server="www.stestaz.com//var/www/raspein/" local="131163441110380710" remote="131164177380000000" Dst="2" />
<file name="littleDISKIcon.png" server="www.stestaz.com//var/www/raspein/" local="131163441963288515" remote="131164177380000000" Dst="2" />
<file name="littleMEMIcon.png" server="www.stestaz.com//var/www/raspein/" local="131163441824904032" remote="131164177390000000" Dst="2" />
<file name="littleTEMPIcon.png" server="www.stestaz.com//var/www/raspein/" local="131164183213951593" remote="131164179680000000" Dst="2" />
</dwsync>